-- phpMyAdmin SQL Dump
-- version 5.2.0
-- https://www.phpmyadmin.net/
--
-- Host: 127.0.0.1
-- Generation Time: Sep 07, 2025 at 07:32 AM
-- Server version: 10.4.27-MariaDB
-- PHP Version: 7.4.33

SET SQL_MODE = "NO_AUTO_VALUE_ON_ZERO";
START TRANSACTION;
SET time_zone = "+00:00";


/*!40101 SET @OLD_CHARACTER_SET_CLIENT=@@CHARACTER_SET_CLIENT */;
/*!40101 SET @OLD_CHARACTER_SET_RESULTS=@@CHARACTER_SET_RESULTS */;
/*!40101 SET @OLD_COLLATION_CONNECTION=@@COLLATION_CONNECTION */;
/*!40101 SET NAMES utf8mb4 */;

--
-- Database: `game`
--

-- --------------------------------------------------------

--
-- Table structure for table `alphabet`
--

CREATE TABLE `alphabet` (
  `id` int(11) NOT NULL,
  `letter` varchar(2) DEFAULT NULL
) ENGINE=InnoDB DEFAULT CHARSET=utf8mb4 COLLATE=utf8mb4_general_ci;

--
-- Dumping data for table `alphabet`
--

INSERT INTO `alphabet` (`id`, `letter`) VALUES
(1, 'أ'),
(2, 'ب'),
(3, 'ت'),
(4, 'ث'),
(5, 'ج'),
(6, 'ح'),
(7, 'خ'),
(8, 'د'),
(9, 'ذ'),
(10, 'ر'),
(11, 'ز'),
(12, 'س'),
(13, 'ش'),
(14, 'ص'),
(15, 'ض'),
(16, 'ط'),
(17, 'ظ'),
(18, 'ع'),
(19, 'غ'),
(20, 'ف'),
(21, 'ق'),
(22, 'ك'),
(23, 'ل'),
(24, 'م'),
(25, 'ن'),
(26, 'هـ'),
(27, 'و'),
(28, 'ي');

-- --------------------------------------------------------

--
-- Table structure for table `questions`
--

CREATE TABLE `questions` (
  `question_id` int(11) NOT NULL,
  `type_id` int(11) DEFAULT NULL,
  `question` varchar(1000) CHARACTER SET utf8mb4 COLLATE utf8mb4_general_ci DEFAULT NULL,
  `answer` varchar(255) CHARACTER SET utf8mb4 COLLATE utf8mb4_general_ci DEFAULT NULL,
  `letter_id` int(11) DEFAULT NULL
) ENGINE=InnoDB DEFAULT CHARSET=latin1 COLLATE=latin1_swedish_ci;

--
-- Dumping data for table `questions`
--

INSERT INTO `questions` (`question_id`, `type_id`, `question`, `answer`, `letter_id`) VALUES
(12, 18, 'من القائل :\r\nفيـا ليـت الشباب يعـود يومـاً *** فأخـبـره بمــا فعــل المشــيـب', 'أبو العتاهية', 1),
(13, 19, 'عالم مسلم هو أول من اكتشف أن سرعة الضوء أكبر من سرعة الصوت', 'البيروني', 2),
(14, 19, 'مؤسس علم الاجتماع من أشهر كتبه (العبر وديوان المبتدأ والخبر )', 'ابن خلدون', 1),
(15, 20, 'مقياس أو وحدة طول تساوي جزءً واحداً من اثني عشر جزءً من القدم', 'البوصة', 2),
(16, 20, 'مدينة أوروبية أقيمت فيها أول دورة أولمبية عام 1900 م', 'باريس', 2),
(17, 21, 'دولة في أمريكا اللاتينية هي الدولة الوحيدة التي تتكلم البرتغالية', 'البرازيل', 2),
(18, 17, 'سورة في القرآن الكريم ابتدأت باسم ثمرتين', 'التين', 3),
(19, 17, 'الفاضحة والمبعثرة اسمان لسورة من القرآن', 'التوبة', 3),
(20, 22, 'س1 سورة في القرآن الكريم يطلق عليها أخت الطويلتين ؟', 'الأعراف', 1),
(21, 22, 'س2 غزوة جرح فيها رسول الله صلى الله عليه وسلم وكسرت رباعيته وأشيع فيها أنه قتل ؟', 'أحــد', 1),
(22, 22, 'س3 أول من جمع القرآن الكريم بين لوحين ؟', 'أبو بكر الصديق', 1),
(23, 22, 'س4 كنية تكنى بها أسد الله حمزة بن عبد المطلب عم رسول الله صلى الله عليه وسلم وسيد الشهداء ؟', 'أبو عمارة', 1),
(24, 22, 'س5 من القائل : ( ما أحد يحمل محبرةً وإلا للشافعي عليه منّـةٌ ) ؟', 'أحمد بن حنبل', 1),
(25, 22, 'س6 يطلق على صوت المرجل ؟', 'أزيز', 1),
(26, 22, 'س7 لقب أطلقه أهل مكة على محمد سول الله صلى الله عليه وسلم قبل الإسلام ؟', 'الأمين', 1),
(27, 22, 'س8 صحابي جليل فرض له عمر بن الخطاب - رضي الله عنه - أكثر مما فرض لابنه فكلمه ابنه في ذلك وقال له ( إنه كان أحب لرسول الله منك وإن أباه كان أحب لرسول الله من أبيك ) ؟', 'أسامة بن زيد', 1),
(28, 22, 'س9 الصحابية التي لقبت بـ ( مهاجرة الهجرتين ) ؟', 'أسماء بنت عميس', 1),
(29, 22, 'س10 حيوان يطلق عليه ( أسامة )', 'الأسد', 1),
(30, 22, 'س11 شاعر جاهلي لقب قبل موته بـ  ( ذي القروح ) ؟', 'امرؤ القيس', 1),
(31, 22, 'س12 من القائل :', 'فيـا ليـت الشباب يعـود يومـاً    ***     فأخـبـره بمــا فعــل المشــيـب ؟', 1),
(32, 22, 'س13 مؤلف كتاب (( لسان العرب ))', 'ابن منظور', 1),
(33, 22, 'س14 فرقة من فرق النصارى ؟', 'الأرثوذكس', 1),
(34, 22, 'س15 وكالة الأنباء التركية ؟', 'الأناضول', 1),
(35, 22, 'س16 الفيلسوف الذي أطلق عليه لقب المعلم الأول ؟', 'أرسطو', 1),
(36, 22, 'س17 كنية لآدم - عليه السلام - ؟', 'أبو البشر', 1),
(37, 22, 'س18 من القائل :', 'نقل فؤادك  حيث شئت من الهوى       ***        مـا الحــب إلا للحـبـيـب الأول', 1),
(38, 22, 'س19 اسم للعاصمة الفلبينية ( مانيلا ) قبل أن تسمى بهذا الاسم ؟', 'أمان الله', 1),
(39, 22, 'س20 مؤسس علم الاجتماع من أشهر كتبه(العبر وديوان المبتدأ والخبر ) ؟', 'ابن خلدون', 1),
(40, 22, 'س21 أول من سمى القرآن الكريم مصحفاً ؟', 'أبو بكر الصديق', 1),
(41, 22, 'س22 بحار عربي لقب بأسد البحار ؟', 'أحمد بن ماجد', 1),
(42, 22, 'س23 وحدة لقياس شدة التيار الكهربائي ؟', 'الأمبير', 1),
(43, 22, 'س24 الاسم الذي كان يطلق على أسبانيا قديما ؟', 'الأندلس', 1),
(44, 22, 'س25 البحر الذي يفصل بين إيطاليا ويوغسلافيا ؟', 'الإدرياتيكي', 1),
(45, 22, 'س26 كنية تكنى بها أنثى الثعلب ؟', 'أم عويل', 1),
(46, 22, 'س27 من الصحابة لقب بسيد القراء ؟', 'أبي بن كعب', 1),
(47, 22, 'س28 قائد موقعة الجسر التي كانت في عهد عمر بن الخطاب وكانت بن المسلمين والفرس ؟', 'أبو عبيدة الثقفي', 1),
(48, 22, 'س29 سيدا  كهول أهل الجنة أحدهما عمر بن الخطاب . فمن الآخر ؟', 'أبو بكر الصديق', 1),
(49, 22, 'س30 اسم يطلق على العملة البرتغالية ؟', 'إسكودو', 1),
(50, 22, 'س2 عالم مسلم هو أول من اكتشف أن سرعة الضوء أكبر من سرعة الصوت', 'البيروني', 2),
(51, 22, 'س3 الحرب التي حدثت في الجاهلية واستمرت قرابة الأربعين عاماً وقد وقعت بين قبيلتي بكر وتغلب ؟', 'البسوس', 2),
(52, 22, 'س4 من بحور الشعر العربي ؟', 'البسيط', 2),
(53, 22, 'س5 الشاعر العباسي الذي مات تحت ضرب السياط ؟', 'بشار بن برد', 2),
(54, 22, 'س6 شاعر أعمى كان دقيقاً في وصف المعارك والحروب ولم يشارك في أي معركة ؟', 'بشار بن برد', 2),
(55, 22, 'س7 يطلق على الولد الأول ؟', 'البِكر', 2),
(56, 22, 'س8 مقياس أو وحدة طول تساوي جزءً واحداً من اثني عشر جزءً من القدم ؟', 'البوصة', 2),
(57, 22, 'س9 شاعر عباسي اسمه أبو عبادة الوليد بن عبيد الله الطائي ، فما لقبه ؟', 'البحتري', 2),
(58, 22, 'س10 عملة إثيوبيا ؟', 'بير', 2),
(59, 22, 'س11 وكالة الأنباء البلجيكية ؟', 'بلجا', 2),
(60, 22, 'س13 ما عاصمة كولومبيا ؟', 'بوجوتا', 2),
(61, 22, 'س14 من المعاجم العربية لأبي علي المقالي ؟', 'البارع', 2),
(62, 22, 'س15 متحف الإسكندرية يعتبر من أقدم المتاحف في العالم حيث أنشئ عام 280 ق.م   فمن أنشأه ؟', 'بطليموس الأول', 2),
(63, 22, 'س16 اسم يطلق على نوع من الصقور ؟', 'الباز', 2),
(64, 22, 'س17 أول طبيب أجرى عملية زراعة قلب  ؟', 'برنارد', 2),
(65, 22, 'س18 مدينة أوروبية أقيمت فيها أول دورة أولمبية عام 1900 م ؟', 'باريس', 2),
(66, 22, 'س19 الفيلسوف الهندي الذي كتب كتاب ( كليلة ودمنة ) ؟', 'بيدبا', 2),
(67, 22, 'س20 لقب أطلق على السيدة مريم أم نبي الله عيسى عليه السلام ؟', 'البتول', 2),
(68, 22, 'س21 الاسم القديم الذي كان يطلق على بائع الأقمشة والحرير ؟', 'بزاز', 2),
(69, 22, 'س22 امرأة بريطانية تعتبر أول امرأة تقود طائرة الكونكورد  ؟', 'باربرا هارمر', 2),
(70, 22, 'س23 ما عاصمة تشيكو سلوفاكيا ؟', 'براغ', 2),
(71, 22, 'س24 يطلق على أطول عظمة في إبهام القدم ؟', 'البوع', 2),
(72, 22, 'س25 مجلة قاهرية أسسها عبد الرحمن البرقوقي عام1911 م كان من محريرها المازني والعقاد والرافعي ؟', 'البيان', 2),
(73, 22, 'س26 دولة في أمريكا اللاتينية هي الدولة الوحيدة التي تتكلم البرتغالية ؟', 'البرازيل', 2),
(74, 22, 'س27 أبعد الكواكب عن الشمس تم اكتشافه في مطلع القرن العشرين ؟', 'بلوتو', 2),
(75, 22, 'س28 في القرآن الكريم ذكر لفظ الزمهرير فما معناه ؟', 'البرد الشديد', 2),
(76, 22, 'س29 الدولة التي يقع فيها مقر وكالة أنباء الخليج ؟', 'البحرين', 2),
(77, 22, 'س30 من الدول التي تمتلك حق النقض (( الفيتو ))', 'بريطانيا', 2),
(78, 22, 'س1 سورة في القرآن الكريم ابتدأت باسم ثمرتين ؟', 'التين', 3),
(79, 22, 'س2 صحابي جليل يكنى بأبي رقية كان نصرانياً فأسلم عام 9 هـ ، كان كثير التهجد توفي  بفلسطين عـام 40 هـ ؟', 'تميم بن أوس الداري', 3),
(80, 22, 'س3 مرض من الأمراض الصيفية وهو ( حمى خبيثة ) ؟', 'التيفود', 3),
(81, 22, 'س4 أعلى هضبة في العالم هضبة ؟', 'التبت', 3),
(82, 22, 'س5 عاصمة الصين الوطنية ؟', 'تايبيه', 3),
(83, 22, 'س6 مؤلف كتاب مشكاة المصابيح ؟', 'التبريزي', 3),
(84, 22, 'س7 أكمل هذه العبارة المشهورة  (( تاج المروءة ......... )) ؟', 'التواضع', 3),
(85, 22, 'س8 يطلق على الفرويدية : مدرسة .............  ؟', 'التحليل النفسي', 3),
(86, 22, 'س9 يطلق على وكالة تونس للأنباء ؟', 'تاب', 3),
(87, 22, 'س10 آية من آيات الملك منحها الله سبحانه وتعالى لطالوت ؟', 'تابوت', 3),
(88, 22, 'س11 نرويجي هو أول سكرتير عام لهيئة الأمم المتحدة ؟', 'ترينغ', 3),
(89, 22, 'س12 مكوك فضائي أمريكي انفجر بعد انطلاقه بثوان أمام كل الحاضرين في عام 1986 م ؟', 'تشالنجر', 3),
(90, 22, 'س13 مدينة إيرانية فيها مسجد يطلق عليه المسجد الأزرق وهذا المسجد من آثار المسلمين الأولى في تلك البلاد ؟', 'تبريز', 3),
(91, 22, 'س14 أسرع المخلوقات البحرية ؟', 'التونة', 3),
(92, 22, 'س15 مدينة يمنية مشهورة . من أشهر معالمها جبل صبر ؟', 'تعز', 3),
(93, 22, 'س16 يستخدم في رؤية الأجسام البعيدة جداً ؟', 'تلسكوب', 3),
(94, 22, 'س17 مبنى يستعمل في تسوية الخبز ؟', 'تنور', 3),
(95, 22, 'س18 آلة حربية كانت تستخدم في الدفاع عن المدن قديماً ؟', 'ترس', 3),
(96, 22, 'س19 التوسع في المال والعلم ؟', 'تورع', 3),
(97, 22, 'س20 لقب أحد الشعراء الصعاليك اسمه ثابت بن جابر اشتهر بلقبه فمن هو ؟', 'تأبط شراً', 3),
(98, 22, 'س21 مقبرة هندية مبنية من الرخام الأبيض تعتبر من عجائب الدنيا السبع ؟', 'تاج محل', 3),
(99, 22, 'س22 الفاضحة والمبعثرة اسمان لسورة من القرآن ؟', 'التوبة', 3),
(100, 22, 'س23 هو تفريق المال على وجه الإسراف ؟', 'تبذير', 3),
(101, 22, 'س24 أعلى بحيرة في العالم تقع بين البيرو وبوليفيا وتسمى بحيرة ............. ؟', 'تيتيكاكا', 3),
(102, 22, 'س25 ما الدولة التي عاصمتها (( عشق آباد )) ؟', 'تركمانستان', 3),
(103, 22, 'س26 من المعجمات العربية المشهورة لأبي بكر الزبيدي ؟', 'تاج العروس', 3),
(104, 22, 'س27 عاصمة جمهورية جورجيا ؟', 'تفليس', 3),
(105, 22, 'س28 دكتاتور روماني حكم 24 عاماً قبل أن يعدم هو وزوجته ؟', 'تشاوسيسكو', 3),
(106, 22, 'س29 الإيطالي الذي اخترع البارومتر  ؟', 'توديشلي', 3),
(107, 22, 'س30 الأمريكي الذي اخترع الرادار ؟', 'تايلر يونج', 3),
(108, 22, 'س1 صحابي جليل بايع الرسول e على أن لا يسأل الناس شيئاً  ؟', 'ثوبان مولى رسول الله', 4),
(109, 22, 'س2 يطْلَق على المرأة التي سبق لها الزواج ؟', 'ثيب', 4),
(110, 22, 'س3 بلدة الرحالة العربي المشهور أحمد بن ماجد قرب الرياض ( في السعودية ) ؟', 'ثرمدا', 4),
(111, 22, 'س4 مؤلف كتاب فقه اللغة ؟', 'الثعالبي', 4),
(112, 22, 'س5 جريدة عراقية رسمية ؟', 'الثورة', 4),
(113, 22, 'س6 الغاز الذي يستعمل في إطفاء الحرائق ؟', 'ثاني أكسيد الكربون', 4),
(114, 22, 'س7 مولى لرسول الله e؟', 'ثوبان', 4),
(115, 22, 'س8 أول من دخل الكعبة ملبياً ؟', 'ثمامة بن آثال', 4),
(116, 22, 'س9 اسم الشاعر الجاهلي الملقب بالشنفري الأزدي من شعراء الصعاليك ؟', 'ثابت بن أوس الأزدي', 4),
(117, 22, 'س10 مضاد حيوي طبيعي يستخدم في الطعام والدواء ؟', 'الثوم', 4),
(118, 22, 'س11 من خطباء المسلمين الأوائل لقب بخطيب الرسول e ؟', 'ثابت بن قيس', 4),
(119, 22, 'س12 صاحب كتاب الذخيرة في الطب ؟', 'ثابت بن قرة', 4),
(120, 22, 'س13 يطلق في اللغة على الموضع في جسم الرجل بمنزلة الثدي للمرأة ؟', 'الثُّنْدُؤَة', 4),
(121, 22, 'س14 صفة من أهم صفات الشجاعة ؟', 'الثبات', 4),
(122, 22, 'س15 فيمن نزلت الآية الكريمة (( يا أيها الذين آمنوا لا ترفعوا أصواتكم فوق صوت النبي ))  ؟', 'ثابت بن قيس', 4),
(123, 22, 'س16 يطلق على سد مشهور بالعراق ؟', 'الثرثار', 4),
(124, 22, 'س17 يطلق على الانتفاضة التي قام بها العبيد في نيويورك عام 1712 م ؟', 'ثورة العبيد', 4),
(125, 22, 'س18 يطلق في اللغة على الجماعة من الناس ؟', 'ثلة', 4),
(126, 22, 'س19 الجهاز الذي تسجل به حرارة الجو بطريقة آلية ؟', 'ثرموجراف', 4),
(127, 22, 'س20 طعام يتكون من خبز ومرق ؟', 'ثريد', 4),
(128, 22, 'س21 أول من أرضعت رسول الله e ؟', 'ثويبة مولاة أبي لهب', 4),
(129, 22, 'س22 كلمة تستطيع أن تقرأها من اليمين والشمال ؟', 'ثلث', 4),
(130, 22, 'س23 يطلق على مجموعة النجوم المتلاصقة ؟', 'الثريا', 4),
(131, 22, 'س24 في اللغة بمعنى الهلاك والخسران ؟', 'الثبور', 4),
(132, 22, 'س25 في اللغة بمعنى الحمقاء ؟', 'الثَّـأطاء', 4),
(133, 22, 'س26 عدد القتلى في هيروشيما عام ( 1945م ) من أثر القنبلة الذرية ؟', 'ثمانون ألفاً', 4),
(134, 22, 'س27 مرض من أمراض الدم ؟', 'الثلاسيميا', 4),
(135, 22, 'س28 من المظاهر الفلكية في الكون التي حيرت العلماء ؟', 'الثقوب السوداء', 4),
(136, 22, 'س29 الماء السائل سيلاناً شديدا ؟', 'ثجاج', 4),
(137, 22, 'س30 مرض يصيب فروة شعر الإنسان', 'ثعلبة', 4),
(138, 22, 'س1 نقيب المهاجرين الذين هاجروا إلى الحبشة وخطيبهم والناطق بلسانهم ؟', 'جعفر بن أبي طالب', 5),
(139, 22, 'س2 اسم الصحابي الجليل الذي يكنى بأبي ذر الغفاري ؟', 'جندب بن جنادة', 5),
(140, 22, 'س3 ذروة سنام الإسلام ؟', 'الجهاد في سبيل الله', 5),
(141, 22, 'س4 أهجى شعراء العرب', 'جرير', 5),
(142, 22, 'س5 أكبر جزيرة في العالم ؟', 'جرين لاند', 5),
(143, 22, 'س6 مكتشف قارة آسيا ؟', 'جيمس كوك', 5),
(144, 22, 'س7 عالم عربي مشهور يلقب بأبي الكيمياء ؟', 'جابر بن حيان', 5),
(145, 22, 'س8 يهودي مجرم نفذ مذبحة الحرم الإبراهيمي وقتل فيها عشرات المصلين أثناء تأديتهم الصلاة ؟', 'جولد اشتاين', 5),
(146, 22, 'س9 مؤسس الإمبراطورية المغولية ؟', 'جنكيز خان', 5),
(147, 22, 'س10 القبيلة التي تنتمي إليها زرقاء اليمامة مضرب المثل في قوة البصر ؟', 'جديس', 5),
(148, 22, 'س11 يطلق على الثلاثة والثلاثون عاماً ؟', 'جيل', 5),
(149, 22, 'س12 العلم الذي يعنى بعلم طبقات الأرض ؟', 'جيولوجيا', 5),
(150, 22, 'س13 علم مسح الأرض ؟', 'جيوديسيا', 5),
(151, 22, 'س14 من المعاجم العربية لأحمد فارس الشدياق المتوفى 1888 م ؟', 'الجاسوس على القاموس', 5),
(152, 22, 'س15 مدينة عربية فيها أعلى نافورة في العالم ؟', 'جــــدة', 5),
(153, 22, 'س16 يطلق على البئر الذي لم يبن بالحجارة ؟', 'جب', 5),
(154, 22, 'س17 آخر ملوك الغساسنة أسلم ثم ارتد وتنصر ؟', 'جبلة بن الأيهم', 5),
(155, 22, 'س18 من المؤلفات المهمة لفضيلة الشيخ محمد الغزالي رحمه الله تعالى ؟', 'جدد حياتك', 5),
(156, 22, 'س19 أول ميناء نفطي في أبو ظبي ؟', 'جبل الظنة', 5),
(157, 22, 'س20 المخترع الألماني الذي اخترع أول مطبعة ذات حروف ؟', 'جوتنبرغ', 5),
(158, 22, 'س21 العالم الفرنسي الذي الذي اكتشف البنسلين ؟', 'جرهارت', 5),
(159, 22, 'س22 امرأة شغلت منصب رئيس الوزراء في الكيان الصهيوني ؟', 'جولد مائير', 5),
(160, 22, 'س23 اسم الشاعر الملقب (( بالحطيئة )) ؟', 'جرول بن أوس', 5),
(161, 22, 'س24 وحدة أساسية لانتقال الصفات الوراثية في الحيوان والنبات ؟', 'جينات', 5),
(162, 22, 'س25 من أسماء الصخر ؟', 'جلمود', 5),
(163, 22, 'س26 في اللغة يطلق على أشد الحرص ؟', 'الجشع', 5),
(164, 22, 'س27 مخترع آلة التصوير الفوتوغرافي ؟', 'جورج إيستمان', 5),
(165, 22, 'س28 من المعاجم المشهورة لابن دريد البصري ؟', 'الجمهرة', 5),
(166, 22, 'س29 مدينة يطلق عليها مدينة الذهب ؟', 'جوهانسبرج', 5),
(167, 22, 'س30 المحامي الفرنسي الذي أسس بطولة كأس العالم لكرة القدم ؟', 'جول ريميه', 5),
(168, 22, 'س1 سورة في القرآن الكريم ورد فيها ذكر الذباب ؟', 'الحج', 6),
(169, 22, 'س2 غزوة عقد رسول اللهe لواءها لعلي بن أبي طالب رضي الله عنه ؟', 'حمراء الأسد', 6),
(170, 22, 'س3 امرأة في الجاهلية ضرب بها المثل في صدق الخبر ؟', 'حذام', 6),
(171, 22, 'س4 وحدة لقياس القدرة تساوي 550رطل/ قدم  في الثانية ويقاس بها قوة المحركات ؟', 'الحصان', 6),
(172, 22, 'س5 صحابي جليل انتدبه رسول اللهe لأتيه بخبر المشركين في غزوة الأحزاب بعد أن هبت ريح دمرت أمتعتهم وشتت جمعهم ؟', 'حذيفة بن اليمان', 6),
(173, 22, 'س6 يطلق على صوت المحتضر ؟', 'حشرجة', 6),
(174, 22, 'س7 شاعر اشتهر بالهجاء حبسه أمير المؤمنين عمر بن الخطاب رضي الله عنه وقيل : أنه اشترى منه أعراض المسلمين بثلاثة آلاف درهم وهدد إن عاد قطع لسانه ؟', 'الحطيئة', 6),
(175, 22, 'س8 اسم الشيماء أخت الرسولe من الرضاعة ؟', 'حذافة بنت الحارث', 6),
(176, 22, 'س9 من تلاميذ الإمام الشافعي , يلقب بالشيباني , آراءه الفقهية مستمدة مباشرة من الحديث الشريف ، له مسند باسمه ، اشتهر مذهبه بالمذهب ................ ؟', 'الحنبلي', 6),
(177, 22, 'س10 قرية عراقية كردية قام النظام العراقي البعثي  بقصفها بالغازات السامة والأسلحة الكيماوية مما أدى إلى قتل خمسة آلاف فرد غير الإصابات الخطيرة ؟', 'حلبجة', 6),
(178, 22, 'س11 حامل رسالة رسول اللهe  إلى المقوقس ملك مصر ؟', 'حاطب بن أبي بلتعة', 6),
(179, 22, 'س12 من عجائب الدنيا السبع ؟', 'حدائق بابل المعلقة', 6),
(180, 22, 'س13 قال الله تعالى في سورة التحريم مخاطباً زوجتين لرسول الله e ((  إِن تَتُوبَا إِلَى اللَّهِ فَقَدْ صَغَتْ قُلُوبُكُمَا )) إحداهما عائشة رضي الله عنها فمن الأخرى ؟', 'حفصة بنت عمر', 6),
(181, 22, 'س14 من القائل : الأم مـدرسـة إذا أعـددتـها             أعـددت شـعـباً طـيـب الأعـراق ؟', 'حافظ إبراهيم', 6),
(182, 22, 'س15 يطلق على المطبوعة التي تصدر كل عام ؟', 'حولية', 6),
(183, 22, 'س16 مؤلف كتاب ( السلوك الاجتماعي في الإسلام ) ؟', 'حسن أيوب', 6),
(184, 22, 'س17 يطلق على صغير الضب ؟', 'الحسل', 6),
(185, 22, 'س18 يطلق على حركة المقاومة الإسلامية في فلسطين ؟', 'حماس', 6),
(186, 22, 'س19 من أقسام الكلمة ؟', 'الحرف', 6),
(187, 22, 'س20 مدينة سورية يوجد فيها قبر الصحابي الجليل خالد بن الوليد ؟', 'حمص', 6),
(188, 22, 'س21 زوج حليمة السعدية مرضعة رسول اللهe ؟', 'الحارث بن عبد العزى', 6),
(189, 22, 'س22 صحابي جليل مات يوم بئر معونة لما طعن من ورائه بحربة قال بعد أن أصيب : ( فزت ورب الكعبة ) ؟', 'حرام بن ملحان', 6),
(190, 22, 'س23 المكان الذي كانت تسكنه إرم ذات العماد ؟', 'حضرموت', 6),
(191, 22, 'س24 لقب  لقب به الخليفة الأموي مروان بن محمد ؟', 'الحمار', 6),
(192, 22, 'س25 لقب أطلق على الصحابي الجليل عبد الله بن الزبير ؟', 'حمامة المسجد', 6),
(193, 22, 'س26 مؤسس جماعة الإخوان المسلمين ؟', 'حسن البنا', 6),
(194, 22, 'س27 يطلق على شدة الندم على ما فات ؟', 'الحسرة', 6),
(195, 22, 'س28 أضخم الحيوانات اللافقرية ؟', 'الحبار', 6),
(196, 22, 'س29 شاعر جاهلي من أصحاب المعلقات اشتهر بمدافعته عن قبيلته أمام عمرو بن هند ملك الحيرة ؟', 'الحارث بن حلزة', 6),
(197, 22, 'س30 الذي بنى الكعبة المشرفة بناءها الحالي ؟', 'الحجاج بن يوسف', 6),
(198, 22, 'س1 ماذا يسمى طعام الولادة ؟', 'الخرس', 7),
(199, 22, 'س2 الاسم القديم لمرض الدفتيريا عند العرب ؟', 'خانوق', 7),
(200, 22, 'س3 من أين تحصل الأسماك في البحار على الأوكسجين ؟', 'الخياشيم', 7),
(201, 22, 'س4 هو بقايا ما تهدم من المساكن و غيرها و ضد العمران ؟', 'الخراب', 7),
(202, 22, 'س5 هي وسيلة لتمثيل سطح الأرض أو جزء منه على لوحة مستوية ؟', 'الخريطة', 7),
(203, 22, 'س6 ما هو صوت النمر ؟', 'خرخرة', 7),
(204, 22, 'س7 ما هو اللفظ العربي للمادة الكيميائية الزنك ؟', 'خارصين', 7),
(205, 22, 'س8 هو شجر هندي سريع النمو لين القضبان أملس العيدان تصنع منه الكراسي ؟', 'الخيزران', 7),
(206, 22, 'س9 هو ما يتعمد من الفعل و ضده الصواب ؟', 'الخطاء', 7),
(207, 22, 'س10 من القائل : ( فلا نامت أعين الجبناء ) ؟', 'خالد بن الوليد', 7),
(208, 22, 'س11 كم يبلغ عدد عيون النحلة ؟', 'خمس عيون', 7),
(209, 22, 'س12 هو مرادف للخوف ؟', 'الخشية', 7),
(210, 22, 'س13 اصطلاح نحوي يطلق على ما يسند إلى المبتدأ ؟', 'الخبر', 7),
(211, 22, 'س14 يطلق على عصير العنب أو التمر أو الشعير و شاربه لا يميز و لا يعقل ؟', 'الخمر', 7),
(212, 22, 'س15 هو خط عرض تتعامد عليه أشعة الشمس مرتين في السنة .. فما هو ؟', 'خط الاستواء', 7),
(213, 22, 'س16 هو قطعة من البحر تدخل في البر ؟', 'الخليج', 7),
(214, 22, 'س17 ما الاسم الذي يطلق على المشرق و المغرب ؟', 'الخافقان', 7),
(215, 22, 'س18 نبات مخدر يصنع منه الأفيون ؟', 'الخشخاش', 7),
(216, 22, 'س19 هو كل ما تغطي به المرأة رأسها ؟', 'الخمار', 7),
(217, 22, 'س20 هي زبدة الشيء أو ما يستخرج من المادة حاويا لخصائصها ؟', 'الخلاصة', 7),
(218, 22, 'س21 مدينة بالمملكة العربية السعودية بالقرب من الدمام ؟', 'الخبر', 7),
(219, 22, 'س22 من الصحابيات التي فقدت أبناءها و زوجها و صبرت ؟', 'الخنساء', 7),
(220, 22, 'س23 من الغازات الكيميائية السامة تستعمل عادة في الحروب وهي محرمة دوليا ؟', 'الخردل', 7),
(221, 22, 'س24 هو اسم قدم البعير ؟', 'خف', 7),
(222, 22, 'س25 قال تعالى : ( و إذ تخلق من الطين كهيئة الطير ) .. ما هو هذا الطير ؟', 'الخفاش', 7),
(223, 22, 'س26 لا تعتمد الأوراق الرسمية في المعاملات الحكومية إلا به ؟', 'الختم', 7),
(224, 22, 'س27 حلقة من شعر تجعل في أنف البعير بعد ثقبها يشد بها الزمام ؟', 'خزيمة', 7),
(225, 22, 'س28 ماذا يقصد بمصطلح ( الفوبيا ) في علم النفس ؟', 'الخوف', 7),
(226, 22, 'س29 هو نبات يكثر قرب المياه و من ثمره يستخرج مسهل بزيت معروف ؟', 'الخروع', 7),
(227, 22, 'س30 نوع من أنواع الحلي يوضع في قدم المرأة للزينة ؟', 'خلخال', 7),
(228, 22, 'س1 في اللغة بمعنى المكر ؟', 'الدهاء', 8),
(229, 22, 'س2 هو من يرسل سرا ليلا ليأتي بالأخبار ؟', 'دسيس', 8),
(230, 22, 'س3 من مدن جمهورية مصر العربية ؟', 'دمياط', 8),
(231, 22, 'س4 الليلة الثلاثون من كل شهر قمري سميت بذلك لشدة ظلمتها ؟', 'الدلماء', 8),
(232, 22, 'س5 ما اسم أول وحدة عملة في تاريخ الإسلام ؟', 'الدينار', 8),
(233, 22, 'س6 ما هي عاصمة دولة تنزانيا ؟', 'دار السلام', 8),
(234, 22, 'س7 هو سواد الليل و ظلمته ؟', 'الدجى', 8),
(235, 22, 'س8 هو المرض و العلة ؟', 'الداء', 8),
(236, 22, 'س9 يغفر للشهيد كل شيء إلا شيء واحد ؟', 'الدين', 8),
(237, 22, 'س10 هو صغير الدب ؟', 'ديسم', 8),
(238, 22, 'س11 هو مرض يصيب أنملة الإصبع فتورم و تتقيح و تكون ألما شديدا ؟', 'الداحوس', 8),
(239, 22, 'س12 أقصى قعر الشيء و هو ما يقابل الدرج بمعنى الصعود ؟', 'الدرك', 8),
(240, 22, 'س13 وضع الميت تحت التراب و مواراة بدنه ؟', 'الدفن', 8),
(241, 22, 'س14 هي الجرة ذات العروة ؟', 'دورق', 8),
(242, 22, 'س15 هي الشجرة العظيمة المتشبعة ذات الفروع العديدة ؟', 'الدوحة', 8),
(243, 22, 'س16 طبقات الجنة درجات و طبقات النار .........', 'دركات', 8),
(244, 22, 'س17 يضخها القلب إلى جميع أجزاء جسم الإنسان ؟', 'الدماء', 8),
(245, 22, 'س18 ما هو الذي نأكله قبل أن يولد و نأكله بعد أن يموت ؟', 'الدجاج', 8),
(246, 22, 'س19 بمعنى حسن الخلق و راقي الصفات ؟', 'دماثة', 8),
(247, 22, 'س20 هو الزمان الطويل أو مدة الحياة كلها ؟', 'الدهر', 8),
(248, 22, 'س21 هو المخادع أو المحتال في أقواله و أفعاله ؟', 'دجال', 8),
(249, 22, 'س22 كوكب المريخ له قمران يدوران حوله إحداهما اسمه فوبوس فما هو اسم الآخر ؟', 'دايموس', 8),
(250, 22, 'س23 ما هو الطائر الذي يكنى بأبي اليقظات ؟', 'الديك', 8),
(251, 22, 'س24 يطلق على المتصوفة و اتباع الطرق الصوفية ؟', 'دراويش', 8),
(252, 22, 'س25 هي قول يطلب به الإنسان إثبات حق على الغير في المحاكم ؟', 'الدعوى', 8),
(253, 22, 'س26 هي السحابة كثيرة المطر ؟', 'داجنة', 8),
(254, 22, 'س27 هو صوت النمل ؟', 'دبيب', 8),
(255, 22, 'س28 يطلق على الأسد القوي الشجاع ؟', 'در غام', 8),
(256, 22, 'س29 هو اسم المفاعل النووي الذي يملكه اليهود في إسرائيل ؟', 'ديمونا', 8),
(257, 22, 'س30 ماء لم يخرج من الأرض و لم ينزل من السماء ؟', 'الدموع', 8),
(258, 22, 'س1 نوع من أنواع السمك ؟', 'ذئب البحر', 9),
(259, 22, 'س2 بمعنى السهو و سرحان العقل ؟', 'الذهول', 9),
(260, 22, 'س3 حشرة ذكرت في القرآن الكريم ؟', 'الذباب', 9),
(261, 22, 'س4 الانكسار و الخضوع و الهوان ؟', 'ذل', 9),
(262, 22, 'س5 هو القبيح من كل شيء ؟', 'ذميم', 9),
(263, 22, 'س6 اللسان إذا انسلق و انقشر من داء يصيبه ؟', 'ذحق', 9),
(264, 22, 'س7 بمعنى غلبه و سبقه ؟', 'ذرعه', 9),
(265, 22, 'س8 هو من أنواع الجمال الروحي و الخلق الرفيع ؟', 'الذوق', 9),
(266, 22, 'س9 يوصف به نزول الدمع من العين ؟', 'ذرف', 9),
(267, 22, 'س10 هو تسخير الشيء و تسهيله و تمهيده ؟', 'ذلل', 9),
(268, 22, 'س11 ضمير الجمع ( هم ) باللغات الإنجليزية ؟', 'ذم', 9),
(269, 22, 'س12 ما خبئ لوقت الحاجة ؟', 'ذخر', 9),
(270, 22, 'س13 في اللغة بمعنى الخوف و الفزع ؟', 'ذعر', 9),
(271, 22, 'س14 صفة تدل على الفطنة و الحفظ معا ؟', 'الذهن', 9),
(272, 22, 'س15 ما ميقات أهل العراق ؟', 'ذات عرق', 9),
(273, 22, 'س16 خاصية يتميز بها محلول السكر ؟', 'الذوبان السريع', 9),
(274, 22, 'س17 هي الموجات الترددية في الجو ؟', 'ذبذبات', 9),
(275, 22, 'س18 هو أحد الأمراض التي كان العرب يعرفونها قديما ؟', 'ذات الجنب', 9),
(276, 22, 'س19 الذبح أو النحر بشروطه الشرعية ؟', 'ذكاه', 9),
(277, 22, 'س20 هو نوع من أنواع الذباب الهندي ؟', 'الذراح', 9),
(278, 22, 'س21 هو فصاحة اللسان و قوة عربيته ؟', 'ذلاقة اللسان', 9),
(279, 22, 'س22 توجب غضب الرب و تمنع الرزق ؟', 'الذنوب', 9),
(280, 22, 'س23 كلمة تعني نشر الخبر و أعلنه ؟', 'ذاعه', 9),
(281, 22, 'س24 نبات عشبي يصنع منه الخبز و يدخل في صناعة النشا ؟', 'الذرة', 9),
(282, 22, 'س25 الأحداث التي تحدث في الوقت الحالي تمثل في المستقبل ....................', 'ذكريات', 9),
(283, 22, 'س26 هي المرأة السليطة اللسان ؟', 'ذربة', 9),
(284, 22, 'س27 الذباب مشتق من ( ذب آب ) فما معناها ؟', 'ذهب و عاد', 9),
(285, 22, 'س28 معركة قادها خالد بن الوليد ضد الفرس و انتصر فيها ؟', 'ذات السلاسل', 9),
(286, 22, 'س29 من هو الملك الصالح الذي ملك الأرض و ورد ذكره في القرآن ؟', 'ذو القرنين', 9),
(287, 22, 'س30 لقب نبي الله إسماعيل عليه السلام ؟', 'الذب', 9),
(288, 22, 'س1 ما مساحة الربع الخالي ؟', 'ربع مليون كم2', 10),
(289, 22, 'س2 هو إصلاح الثوب و وصل قطعتيه المنفصلتين ؟', 'رتق', 10),
(290, 22, 'س3 الذاكرة العشوائية في الحاسب الآلي ؟', 'رام', 10),
(291, 22, 'س4 عملة ماليزيا ؟', 'رينقت', 10),
(292, 22, 'س5 نوع من أنواع الأشعة الحديثة لتصوير الدماغ بالألوان ؟', 'الرنين المغناطيسي', 10),
(293, 22, 'س6 عنصر فلزي إشعاعي ؟', 'الراديوم', 10),
(294, 22, 'س7 شخص يحتجز لضمان اتفاق ما ؟', 'رهينة', 10),
(295, 22, 'س8 هو نزف الأنف دما ؟', 'رعاف', 10),
(296, 22, 'س9 هو الرمي بالحجارة حتى الموت ؟', 'الرجم', 10),
(297, 22, 'س10 هي باطن كف اليد في اللغة ؟', 'راحة', 10),
(298, 22, 'س11 هو الباب العظيم الحجم العظيم القفل ؟', 'رتاج', 10),
(299, 22, 'س12 وحدة وزن إنجليزية ؟', 'رطل', 10),
(300, 22, 'س13 أحد أصناف أسنان الفم في الإنسان ؟', 'الرحى', 10),
(301, 22, 'س14 الاسم الفارسي لدفتر تقويم السنوات و الشهور و الأيام ؟', 'روزنافه', 10),
(302, 22, 'س15 ما هو الشيء الذي يتكلم بكل لغات العالم في نفس الوقت ؟', 'الراديو', 10),
(303, 22, 'س16 جهاز يستخدم الموجات اللاسلكية ذات التردد فوق العالي لاكتشاف الأشياء الغير منظورة ؟', 'الرادار', 10),
(304, 22, 'س17 من هو أول طبيب مسلم فصل بين طب الأطفال و طب النساء ؟', 'الرازي', 10),
(305, 22, 'س18 هو المادة الأساسية في صناعة الزجاج ؟', 'الرمل', 10),
(306, 22, 'س19 اسم يطلق على الطفل إلى أن يبلغ السنتين ؟', 'رضيع', 10),
(307, 22, 'س20 وحدة لقياس قوة الزلازل التي تحدث ؟', 'ريختر', 10),
(308, 22, 'س21 إحدى مفاصل الأصابع ؟', 'الراجية', 10),
(309, 22, 'س22 نوع من الألعاب عبارة عن إصابة الهدف و الرمي بالبندقية على أهداف ثابتة أو متحركة ؟', 'الرماية', 10),
(310, 22, 'س23 هي النفخة الأولى في الصور يوم القيامة ؟', 'الراجفة', 10),
(311, 22, 'س24 الباب الذي يدخل منه الصائمون يوم القيامة ؟', 'الريان', 10),
(312, 22, 'س25 محلول السكر الذي يفرز في الأزهار و يمتصه النحل ليصنع منه العسل ؟', 'رحيق', 10),
(313, 22, 'س26 هي فرقة من الشيعة تجيز الطعن و السب في كبار الصحابة ؟', 'الرافضة', 10),
(314, 22, 'س27 مرض يتميز بآلام في العضلات و المفاصل و يداوى بواسطة المياه المعدنية الحارة ؟', 'الروماتيزم', 10),
(315, 22, 'س28 داخل كل إنسان تعيش معه فإذا جاء الموت خرجت و لم تعد ؟', 'الروح', 10),
(316, 22, 'س29 ما هو الشرك الأصغر ؟', 'الرياء', 10),
(317, 22, 'س30 من أمراض العين ؟', 'رمد', 10),
(318, 22, 'س1 هو اهتزاز الأرض و ارتجافها ؟', 'زلزال', 11),
(319, 22, 'س2 ما معنى كلمة بترول ؟', 'زيت الصخر', 11),
(320, 22, 'س3 ما اسم امرأة عزيز مصر التي راودت يوسف عليه السلام عن نفسه ؟', 'زليخة', 11),
(321, 22, 'س4 طعام أهل النار ؟', 'الزقوم', 11),
(322, 22, 'س5 من الكتب السماوية ؟', 'الزبور', 11),
(323, 22, 'س6 هو ما بين مفصل الكوع و الكتف في جسم الإنسان ؟', 'زند', 11),
(324, 22, 'س7 نوع من أنواع النباتات يستعمله الإنسان كشراب بعد غليه ؟', 'زنجبيل', 11),
(325, 22, 'س8 هو اللقب الذي أطلق على سيدة نساء أهل الجنة ؟', 'الزهراء', 11),
(326, 22, 'س9 هي شجرة لها زهر أبيض طيب الرائحة ؟', 'الزيزفون', 11),
(327, 22, 'س10 يابس و صافي كالماء ولد في النار و إذا عاد إليها انهار ؟', 'الزجاج', 11),
(328, 22, 'س11 هي السلسلة الحديدية المسننة تدخل في بعض الصناعات ؟', 'زنجير', 11),
(329, 22, 'س12 هي قطعة من الحديد حلزونية الالتواء تتمتع بخاصية التمدد و المرونة و تستعمل في بعض الصناعات ؟', 'الزنبرك', 11),
(330, 22, 'س13 ما هي عاصمة دولة زينجبار في أفريقيا ؟', 'زينجبار', 11),
(331, 22, 'س14 من القبائل المشهورة في أفريقيا يتميزون بشدتهم في الحرب ؟', 'الزولو', 11),
(332, 22, 'س15 يطلق على فرخ الحمام و أحد أنواع البلح الأحمر ؟', 'زغلول', 11),
(333, 22, 'س16 الملائكة المكلفة بدفع أهل النار إليها ؟', 'الزبانية', 11),
(334, 22, 'س17 ما أكبر مدينة من حيث عدد السكان في سويسرا ؟', 'زيورخ', 11),
(335, 22, 'س18 من أنواع الخشب و أجودها يصنع منه الأثاث ؟', 'الزان', 11),
(336, 22, 'س19 حجر كريم يشبه الزمرد و له ألوان كثيرة ؟', 'زبرجد', 11),
(337, 22, 'س20 هو تحريك الشيء بشدة و قوة ؟', 'زعزعة', 11),
(338, 22, 'س21 يطلق على الوقت قليلا كان أم كثير ؟', 'الزمن', 11),
(339, 22, 'س22 هو الكفر باطنا مع التظاهر بالإيمان ؟', 'زندقة', 11),
(340, 22, 'س23 هو مادة فلزية بيضاء تميل إلى الزرقة تستخرج من الأرض و تدخل في صناعات مختلفة مستقلة بنفسها أو مسبوكة مع غيرها ؟', 'الزنك', 11),
(341, 22, 'س24 مادة سوداء مستمدة من المواد القطرانية تذيبها الحرارة و تستخدم في رصف الطرق ؟', 'زفت', 11),
(342, 22, 'س25 من أول من سل سيفا في الإسلام ؟', 'الزبير بن العوام', 11),
(343, 22, 'س26 مرض تآكل خلايا المخ مع تقدم العمر فيصاب الإنسان بالخرف ؟', 'الزهايمر', 11),
(344, 22, 'س27 هو علم الحيوان ؟', 'زولوجيا', 11),
(345, 22, 'س28 هو الاسم القديم لجمهورية الكونغو في إفريقيا ؟', 'زائير', 11),
(346, 22, 'س29 من فرق الشيعة و هم اقرب الفرق للسنة ؟', 'الزيدية', 11),
(347, 22, 'س30 هو حجر كريم شفاف شديد الخضرة و أشده خضرة أجوده و أصفاه جوهرا ؟', 'الزمرد', 11),
(348, 22, 'س1 ما عاصمة البوسنة والهرسك ؟', 'السر هد', 12),
(349, 22, 'س5 كم عدد أحزاب القرآن ؟', 'السعدان', 12),
(350, 22, 'س10 كم عدد السور التي افتتحت بـ ( طسم ) ؟', 'السدر', 12),
(351, 22, 'س15 ترك التكلم مع القدرة عليه ؟', 'السكوت', 12),
(352, 22, 'س16 وقت في الليل يستحب الاستغفار فيه ؟', 'السحر', 12),
(353, 22, 'س17 من أول من كتب بسم الله الرحمن الرحيم ؟', 'السرعة', 12),
(354, 22, 'س19 اسم عين في الجنة ؟', 'الساعة', 12),
(355, 22, 'س21 تبكي بلا عيون و تمشي بلا أرجل فما هي ؟', 'السحابة', 12),
(356, 22, 'س22 بمعنى حفيد أو قريب أو صاحب نسل ؟', 'السبع', 12),
(357, 22, 'س26 كل قطعة  مستطيلة من المعدن مصبوبة كالقضبان و تكون من الذهب أو الفضة ؟', 'السرطان', 12),
(358, 22, 'س29 من مؤلف كتاب تاريخ الخلفاء ؟', 'السيوطي', 12),
(359, 22, 'س30 عالم نحوي مسلم ذو أصل فارسي يعد من أوسع النحاة شهرة ؟', '', 12),
(360, 22, 'س1 ما اسم السبت قبل الإسلام ؟', 'شبار', 13),
(361, 22, 'س2 سورة تسمى الجامعة ؟', 'الشعراء', 13),
(362, 22, 'س3 ما هو لقب القائد الإسلامي المجاهد عمر بن الخطاب ؟', 'شيخ المجاهدين', 13),
(363, 22, 'س4 ما يستعمل لتثبيت الشموع فيه للزينة ؟', 'شمعدان', 13),
(364, 22, 'س5 النوع الخفيف من الضباب ؟', 'شبورة', 13),
(365, 22, 'س6 في الفيزياء : حزمة دقيقة من الضوء تنطلق باستقامة واحدة من مصدر الضوء ؟', 'الشعاع', 13),
(366, 22, 'س7 ما يستعمله الصياد لصيد السمك بسنارته ؟', 'شص', 13),
(367, 22, 'س8 هو خفة اليد و أعمال كالسحر في الشيء للعين بغير ما هو عليه ؟', 'شعوذة', 13),
(368, 22, 'س9 هو العرق النابض الذي يحمل الدم من القلب إلى الجسد ؟', 'الشريان', 13),
(369, 22, 'س10 القطع الصغيرة المتطايرة من قنبلة ما ؟', 'شظايا', 13),
(370, 22, 'س11 يطلق على البخيل الحريص على المال ؟', 'الشحيح', 13),
(371, 22, 'س12 إلى أين كانت رحلة الصيف لقريش ؟', 'الشام', 13),
(372, 22, 'س13 هو الطريد الذي لا مأوى له ؟', 'الشريد', 13),
(373, 22, 'س14 العلامة التي تميز دولة أو جماعة من قول أو نقش أو غيرهما ؟', 'الشعار', 13),
(374, 22, 'س15 مذهب فكري يقوم على الإلحاد و أن المادة هي أساس كل شيء و تنكر وجود الله ؟', 'الشيوعية', 13),
(375, 22, 'س16 القائد الفرنسي الذي هزم المسلمون في معركة بلاط الشهداء ؟', 'شارل ما رتل', 13),
(376, 22, 'س17 نهر يتكون من التقاء نهري دجلة و الفرات يصب في الخليج العربي ؟', 'شط العرب', 13),
(377, 22, 'س18 هو الخصام و القطيعة بين فرد أو جماعة أخرى ؟', 'شقاق', 13),
(378, 22, 'س19 امرأة حكمت مصر 80 يوما بعد وفاة زوجها ؟', 'شجرة الدر', 13),
(379, 22, 'س20 بمعنى قطع الزوائد و قلمها ؟', 'شذب', 13),
(380, 22, 'س21 هي إحدى مراحل تطور الدودة في خلقتها ؟', 'شرنقة', 13),
(381, 22, 'س22 أحد الأئمة الأعلام و صاحب مذهب فقهي ؟', 'الشافعي', 13),
(382, 22, 'س23 هو نوع من الأغطية كانت العرب تستعمله في لباسها ؟', 'شملة', 13),
(383, 22, 'س24 هو جدول الماء المتساقط من مستوى مرتفع إلى مستوى منخفض ؟', 'شلال', 13),
(384, 22, 'س25 كتلة من الغازات الملتهبة و مصدر للحرارة التي تحتاج إليها الكائنات الحية ؟', 'الشمس', 13),
(385, 22, 'س26 هو ما يتطاير من النار أو الضوء الحادث من التفريغ الكهربائي ؟', 'شرارة', 13),
(386, 22, 'س27 هو مجاوزة الحد و البعد عن الحق ؟', 'شطط', 13),
(387, 22, 'س28 من هو العدو الأول لبني الإنسان ؟', 'الشيطان', 13),
(388, 22, 'س29 طائر من الجوارح من فصيلة الصقور ؟', 'شاهين', 13),
(389, 22, 'س30 عملة اليهود في أرض فلسطين ؟', 'شيكل', 13),
(390, 22, 'س1 ما أكثر الدول سكانا في العالم ؟', 'الصين', 14),
(391, 22, 'س2 ما أقدم دولة تنتج البخور و اللبان في العالم ؟', 'الصومال', 14),
(392, 22, 'س3 ما هو الاسم السري لقنبلة هيروشيما ؟', 'الصبي الصغير', 14),
(393, 22, 'س4 هو لفظ يعبر عن التحسين لمادة صلبة و إخراجها بشكل أفضل ؟', 'صقل', 14),
(394, 22, 'س5 ما هو العذاب الذي وقع على قوم ثمود ؟', 'الصيحة', 14),
(395, 22, 'س6 هو نوع من أنواع الأخشاب غالية الثمن ؟', 'الصندل', 14),
(396, 22, 'س7 يستخرج من الشجر و يساهم في تطوير العديد من الصناعات ؟', 'صمغ', 14),
(397, 22, 'س8 هي قمة ظهر الفرس ؟', 'صهوة', 14),
(398, 22, 'س9 كانت العرب تستخدمه في حفظ المال في جيوبها ؟', 'صرة', 14),
(399, 22, 'س10 إحدى أنواع الحمى تصيب الإنسان ؟', 'الصفراوية', 14),
(400, 22, 'س11 هو عمود يقام في السفينة يشد عليه الشراع ؟', 'الصاري', 14),
(401, 22, 'س12 سائل قلوي أصفر أو أخضر اللون يفرزه الكبد و يتكون من الماء و بعض الأحماض و يتجمع في المرارة ؟', 'الصفراء', 14),
(402, 22, 'س13 يطلق على صوت السيوف في الحرب', 'صليل', 14),
(403, 22, 'س14 لفظة وردت في القرآن الكريم تعني منهاج الله و طريقته ؟', 'صبغة', 14),
(404, 22, 'س15 هبوط فجائي في المراكز الحيوية للجهاز العصبي و من أسبابه إصابات العنف و التوتر ؟', 'الصدمة العصبية', 14),
(405, 22, 'س16 عاصمة بلغاريا تقع في واد قرب جبال البلقان ؟', 'صوفيا', 14),
(406, 22, 'س17 ظاهرة اصطدام الصوت بحاجز ثم رجوعه مرة أخرى ؟', 'الصدى', 14),
(407, 22, 'س18 مدينة توجد في الجزء الشرقي من وسط تونس على البحر الأبيض المتوسط عند خليج قابس ؟', 'صفا قس', 14),
(408, 22, 'س19 هو شدة الشوق و الهوى ؟', 'صبابة', 14),
(409, 22, 'س20 صيحة تصم الآذان لشدتها يوم القيامة ؟', 'الصاخة', 14),
(410, 22, 'س21 هم الذين يدخلون الجنة من باب الريان ؟', 'الصائمون', 14),
(411, 22, 'س22 ما هي الخمس التي لا سادس لها ؟', 'الصلوات', 14),
(412, 22, 'س23 الاسم الذي يطلق على معبد اليهود قديما ورد اسمه في بعض الأحاديث النبوية الشريفة ؟', 'الصومعة', 14),
(413, 22, 'س24 من هم الذين وصفهم الله بعبدة الكواكب ؟', 'الصائبة', 14),
(414, 22, 'س25 آلة ينفخ فيها أسرا فيل يوم القيامة النفخة الأولى و هي نفخة الفزع و فيها يختل النظام الكوني ؟', 'الصور', 14),
(415, 22, 'س26 جزيرة في وسط البحر الأبيض المتوسط فتحها المسلمون بقيادة أسد الفرات ؟', 'صقلية', 14),
(416, 22, 'س27 هو الجزء م بين العين و الأذن ؟', 'صدغ', 14),
(417, 22, 'س28 ماذا يطلق على صوت الفرس ؟', 'صهيل', 14),
(418, 22, 'س29 هو وصف للملائكة ورد في القرآن الكريم ؟', 'الصافات', 14),
(419, 22, 'س30 حجر كانت تستخدمه العرب قديما لإشعال النار إذا ضرب بعضه ببعض ؟', 'الصوان', 14),
(420, 22, 'س1 هو بخار الماء الكثيف و يغشى الأرض كالدخان ؟', 'الضباب', 15),
(421, 22, 'س2 من أسماء الأسد مكون من أربعة حروف ؟', 'ضيغم', 15),
(422, 22, 'س3 هو الشيء الذي يؤنب الإنسان على فعل خطاء في نفسه ؟', 'الضمير', 15),
(423, 22, 'س4 المتمكن من الشيء المتعمق في عمله و الماهر به ؟', 'ضليع', 15),
(424, 22, 'س5 نبات ذكره الله في القرآن الكريم في سورة الغاشية و هو طعام أهل النار ؟', 'الضريع', 15),
(425, 22, 'س6 ميزة تكثر في مدينة لندن البريطانية ؟', 'الضباب', 15),
(426, 22, 'س7 القوة المؤثرة التي تتركز على نقطة معينة بفعل الثقل الذي يحدثه عمود الهواء على هذه النقطة ؟', 'الضغط الجوي', 15),
(427, 22, 'س8 السم الذي أطلقته دولة الكويت للدول التي ناصرت الغزو العراقي ؟الضد', 'صهوة', 15),
(428, 22, 'س9 صفة النصارى التي ذكرها القرآن الكريم في سورة الفاتحة ؟', 'الضالين', 15),
(429, 22, 'س10 من أسماء الأيد مكون من خمسة حروف ؟', 'ضرغام', 15),
(430, 22, 'س11 هو الكفيل أو الملتزم في المعاملات المالية ؟', 'ضامن', 15),
(431, 22, 'س12 هي وظيفة القلب الأساسية في الجسم ؟', 'ضخ الدم', 15),
(432, 22, 'س13 هي حديدة عريضة يضبب بها الباب ؟', 'ضبة', 15),
(433, 22, 'س14 هو ما يطلق على العزيز و خاصة الولد ؟', 'الضنى', 15),
(434, 22, 'س15 نستمده من أشعة الشمس على الأرض ؟', 'الضوء', 15),
(435, 22, 'س16 من مراتب صحة الحديث ؟', 'الضعيف', 15),
(436, 22, 'س17 هو تصحيح الكتاب و تدقيقه و تشكيله ؟', 'ضبط', 15),
(437, 22, 'س18 من معجزات موسى عليه السلام لفرعون ؟', 'الضفادع', 15),
(438, 22, 'س19 هي الحاجة أو الشدة التي لا مدفع لها ؟', 'ضرورة', 15),
(439, 22, 'س20 ما هي السورة التي سميت باسم وقت من أوقات الزمن ؟', 'الضحى', 15),
(440, 22, 'س21 هي شاطئ البحر و ساحله ؟', 'الضفة', 15),
(441, 22, 'س22 الشعر الطويل المتشابك مع بعضه البعض مكونا الجدائل ؟', 'ضفيرة', 15),
(442, 22, 'س23 هي عظم مستطيل من عظام الجنب منحني ؟', 'الضلع', 15),
(443, 22, 'س24 هو القبر المبني حوله أو مكان دفن الإنسان ؟', 'ضريح', 15),
(444, 22, 'س25 هو جري الماء و رشه ؟', 'ضخ', 15),
(445, 22, 'س26 هو ما تضرم به النار من الحطب ؟', 'الضرام', 15),
(446, 22, 'س27 كلمة مرادفة للحقد ؟', 'ضغينة', 15),
(447, 22, 'س28 هو الجلبة و الصياح و أكثر ما تكون من السيارات ؟', 'ضجيج', 15),
(448, 22, 'س29 العملية الأساسية في الحساب و الجبر ؟', 'الضرب', 15),
(449, 22, 'س30 هو التزام الهدوء بعد التعرض لموقف يضيق به الصدر ؟', 'ضبط النفس', 15),
(450, 22, 'س1 مدينة لبنانية و ميناء مهم تشتهر ببساتين الزيتون و فيها معمل لتكريري البترول ؟', 'طرابلس', 16),
(451, 22, 'س2 بما كانت تدعى أم المؤمنين خديجة في الجاهلية ؟', 'الطاهرة', 16),
(452, 22, 'س3 ما أكبر مدينة في آسيا ؟', 'طوكيو', 16),
(453, 22, 'س4 هو العرق التركي الذي يتغنى به دعاة التعصب لقومية الشعوب ؟', 'الطورانية', 16),
(454, 22, 'س5 من هو الصحابي المعروف بذي النور ؟', 'الطفيل بن عمر الدوسي', 16),
(455, 22, 'س6 هو أول ملوك الدولة السلجوقية ؟', 'طغرلبك', 16),
(456, 22, 'س7 ما معنى حجارة من سجيل ؟', 'طين متحجر', 16),
(457, 22, 'س8 هي الصواريخ التي تطلقها الغواصات في البحار ؟', 'طوربيد', 16),
(458, 22, 'س9 من هو أول تابعي فسر القرآن ؟', 'الطبري', 16),
(459, 22, 'س10 الحالة التي تتكون فيها شخصية الإنسان مستقبلا و تدور حوله كثير من أسباب العقد النفسية ؟', 'الطفولة', 16),
(460, 22, 'س11 من هو الشخص الذي لا يغضب إذا أخرجت له لسانك ؟', 'الطبيب', 16),
(461, 22, 'س12 هو نظام اجتماعي يعتمد على الفصل بين أفراد المجتمع ؟', 'طبقية', 16),
(462, 22, 'س13 يحملك إلى حيث تريد و هو واقف ؟', 'الطريق', 16),
(463, 22, 'س14 الوصف الذي ورد في الحديث الشريف للقطط ؟', 'الطوافون', 16),
(464, 22, 'س15 من الأمراض الخطيرة كان يسمى الموت الأسود ؟', 'الطاعون', 16),
(465, 22, 'س16 البحيرة التي سيشربها يأجوج و مأجوج في آخر الزمان ؟', 'طبرية', 16),
(466, 22, 'س17 قذيفة ذاتية الانطلاق معدة لنسف سفن العدو و غواصاته ؟', 'طربيد', 16),
(467, 22, 'س18 هو ما يتعذر فهمه و فك رموزه ؟', 'طلاسم', 16),
(468, 22, 'س19 جبل أقسم الله تعالى به في القرآن الكريم ؟', 'الطور', 16),
(469, 22, 'س20 هي الخضرة التي تعلو الماء الراكد أو النهري ؟', 'طحلب', 16),
(470, 22, 'س21 من أسماء يوم القيامة ؟', 'الطامة', 16),
(471, 22, 'س22 هو الكائن الحي الذي يعيش على غيره ؟', 'طفيلي', 16),
(472, 22, 'س23 مدينة أسبانية تاريخية حكمها المسلمون قرونا طويلة ؟', 'طليطلة', 16),
(473, 22, 'س24 هي البثور الجلدية التي تنشأ بسبب بعض الأمراض ؟', 'طفح', 16),
(474, 22, 'س25 هو وزن للأثقال يقدر بألف كيلو جرام ؟', 'طن', 16),
(475, 22, 'س26 أول باب في كتب الفقه ؟', 'الطهارة', 16),
(476, 22, 'س27 من الشعوب المسلمة يضع الرجال على وجوههم لثاما أسود أو أزرق طيلة الوقت ؟', 'الطوارق', 16),
(477, 22, 'س28 المدينة التي رحل إليها النبي صلى الله عليه و سلم قبل المدينة ؟', 'الطائف', 16),
(478, 22, 'س29 أين كلم الله سبحانه و تعالى نبي الله موسى عليه السلام ؟', 'طور سيناء', 16),
(479, 22, 'س30 صوت النحل أو الذبابة عند طيرانها ؟', 'طنين', 16),
(480, 22, 'س1 هي الأشعة الخاصة بتصوير قنوات العمود الفقري لدى الإنسان ؟', 'الظليلة', 17),
(481, 22, 'س2 هو الشيء الذي إذا سرت سار معك و لا تسبقه ؟', 'الظل', 17),
(482, 22, 'س3 هو من تكلم بكلام لا يفهم ؟', 'ظأظأه', 17),
(483, 22, 'س4 نهى الله عنه و قال أن بعضه إثم ؟', 'الظن', 17),
(484, 22, 'س5 هو اسم من أسماء الثعبان ؟', 'الظربغانه', 17),
(485, 22, 'س6 الشعر يصف بعضه حول بعض ؟', 'الظفائر', 17),
(486, 22, 'س7 هو علم الميتورولوجي ؟', 'الظواهر الجوية', 17),
(487, 22, 'س8 سلطان مملوكي يعود إليه الفضل بعد الله في تصفية الجيوش الصليبية و صد غارات التتار ؟', 'الظاهر بيبرس', 17),
(488, 22, 'س9 هو ما يذكر على ذكر النعام ؟', 'ظليم', 17),
(489, 22, 'س10 ماذا تسمى المرأة التي ترضع غير و لدها ؟', 'الظئر', 17),
(490, 22, 'س11 هي الناقة السوداء أو التي تغلب عليها السمرة ؟', 'الظمياء', 17),
(491, 22, 'س12 كان للرسول صلى الله عليه و سلم فرس . ما اسم هذا الفرس ؟', 'الظرب', 17),
(492, 22, 'س13 هي إحدى المذاهب القديمة التي تقوم على الأخذ بظاهر النص فقط ؟', 'الظاهرية', 17),
(493, 22, 'س14 هي العين الرقيقة الجفن ؟', 'ظمياء', 17),
(494, 22, 'س15 بماذا وصف نبي الله يونس نفسه في بطن الحوت ؟', 'الظالمين', 17),
(495, 22, 'س16 يطلق على الهودج الذي تركبه المرأة على الجمل ؟', 'الظعينة', 17),
(496, 22, 'س17 هو الجلد الميت النابت من جسم الإنسان يتم التخلص منه دوريا ؟', 'الظفر', 17),
(497, 22, 'س18 في الرياضيات : عكس ظل الزاوية ؟', 'ظل التمام', 17),
(498, 22, 'س19 هو يوم العذاب الذي أصاب قوم شعيب ؟', 'الظلة', 17),
(499, 22, 'س20 هو الظفر المشقوق للبقرة و الشاة و الظبي و نحوها ؟', 'ظلف', 17),
(500, 22, 'س21 ما كان المشهور عن الحجاج بن يوسف الثقفي في زمانه ؟', 'ظالم', 17),
(501, 22, 'س22 أصوات أجواف الإبل من شدة العطش ؟', 'الظبظاب', 17),
(502, 22, 'س23 بمعنى فاز و نجح في تحصيله ؟', 'ظفر', 17),
(503, 22, 'س24 في النحو : اسم دل على زمان الحدث أو مكانه ؟', 'ظرف', 17),
(504, 22, 'س25 ماذا كان يطلق على بحر المحيط الأطلسي قديما ؟', 'الظلمات', 17),
(505, 22, 'س26 هو الغلبة و الفوز و القهر ؟', 'الظفر', 17),
(506, 22, 'س27 هو المعين و المساعد ؟', 'ظهير', 17),
(507, 22, 'س28 في اللغة : بمعنى دام و استمر ؟', 'ظل', 17),
(508, 22, 'س29 من مدن سلطنة عمان ؟', 'ظفار', 17),
(509, 22, 'س30 يدخل فيه المتحابون في الله يوم القيامة ؟', 'ظل عرش الرحمن', 17),
(510, 22, 'س1 من خامس الخلفاء الراشدين ؟', 'عمر بن عبد العزيز', 18),
(511, 22, 'س2 ماذا يسبب نقص فيتامين ( أ ) ؟', 'العمى الليلي', 18),
(512, 22, 'س3 من أول فدائي في الإسلام ؟', 'علي بن أبي طالب', 18),
(513, 22, 'س4 ماذا يسمى ذكر الضفدع ؟', 'العلجوم', 18),
(514, 22, 'س5 من قائد غزوة ذات السلاسل ؟', 'عمرو بن العاص', 18),
(515, 22, 'س6 اللقب الذي أطلق على القارة الأمريكية عندما اكتشفها كولومبوس ؟', 'العالم الجديد', 18),
(516, 22, 'س7 يوم مشهور من يصومه يكفر السنة الماضية نجى الله فيه نبي الله موسى عليه السلام ؟', 'عاشوراء', 18),
(517, 22, 'س8 تسمى التوراة عند النصارى العهد القديم فماذا يسمى الإنجيل ؟', 'العهد الجديد', 18),
(518, 22, 'س9 ماد صلبة لا طعم لها و لا ريح إلا إذا أحرقت أو سحقت ينبعث منها رائحة زكيه ؟', 'العنبر', 18),
(519, 22, 'س10 هو الداء المزمن الذي لا علاج له ؟', 'عضال', 18),
(520, 22, 'س11 تقسيم البشرية على أساس باطل من بعض المعايير كلون البشرة و نوع الشعر و اللغة و العائلة و البلد ؟', 'العنصرية', 18),
(521, 22, 'س12 هو الاسم القديم الذي كانت تعرفه العرب لنظام الشرطة ؟', 'العسس', 18),
(522, 22, 'س13 يطلق على المرأة المتحببة إلى زوجها ؟', 'عروب', 18),
(523, 22, 'س14 أحد الاختراعات لتصحيح النظر ؟', 'العدسات', 18),
(524, 22, 'س15 لقب السيدة مريم عليها السلام ؟', 'العذراء', 18),
(525, 22, 'س16 هي قافلة الجمال التي تكون محملة بالبضائع و السلع ؟', 'عير', 18),
(526, 22, 'س17 هي الناقة التي مضى على حملها عشرة أشهر ؟', 'العشراء', 18),
(527, 22, 'س18 الحيوان الصنم الذي عبدته بني إسرائيل ؟', 'العجل', 18),
(528, 22, 'س19 من الحشرات التي ذكرت في القرآن ؟', 'العنكبوت', 18),
(529, 22, 'س20 من أحفاد نوح عليه السلام و إليه تنسب العرب ؟', 'عدنان', 18),
(530, 22, 'س21 ما هو صوت الذئب ؟', 'عواء', 18),
(531, 22, 'س22 المرأة التي لم تتزوج ؟', 'عذراء', 18),
(532, 22, 'س23 معركة كانت بين المسلمين و التتار بقيادة قطز و معاونه الظاهر بيبرس ؟', 'عين جالوت', 18),
(533, 22, 'س24 لغة اليهود ؟', 'العبرية', 18),
(534, 22, 'س25 إذا طال قصر فما هو ؟', 'العمر', 18),
(535, 22, 'س26 هي مادة قرن الفيل ؟', 'العاج', 18),
(536, 22, 'س27 ماذا يسمى طعام المولود في اليوم السابع ؟', 'العقيقة', 18),
(537, 22, 'س28 ما هو اسم أبو جهل ؟', 'عمرو بن هشام', 18),
(538, 22, 'س29 ما اسم العام الذي ولد فيه سيدنا محمد صلى الله عليه وسلم ؟', 'عام الفيل', 18),
(539, 22, 'س30 ما هو الاسم الذي يطلق على الخط الذي كتب به القرآن الكريم ؟', 'العثماني', 18),
(540, 22, 'س1 أحد أسماء الأسد ؟', 'الغضنفر', 19),
(541, 22, 'س2 هو باب من أبواب الشعر طرقه الشعراء و تغنوا به و ملئوا به دواوينهم ؟', 'الغزل', 19),
(542, 22, 'س3 ماذا يسمى طعام الختان ؟', 'الغديرة', 19),
(543, 22, 'س4 في مصطلح الحديث ما رواه واحد ؟', 'غريب', 19),
(544, 22, 'س5 كائن خرافي ضخم اشتهر عند العرب في روايات ألف ليلة و ليلة ؟', 'غول', 19),
(545, 22, 'س6 من أول من صنع المجهر البسيط ؟', 'غاليليو', 19),
(546, 22, 'س7 الصبي الذي يقارب سن البلوغ ؟', 'الغلام', 19),
(547, 22, 'س8 هو الكلام غير المفهوم ؟', 'غص غصة', 19),
(548, 22, 'س9 الكرب و الحزن ماذا يسمى ؟', 'الغم', 19),
(549, 22, 'س10 يطلق على ذكر السلحفاة ؟', 'غليم', 19),
(550, 22, 'س11 هم العرب النصارى حلفاء الروم أيام العصر الجاهلي ؟', 'الغساسنة', 19),
(551, 22, 'س12 ماذا يطلق على صوت النائم ؟', 'غطيط', 19),
(552, 22, 'س13 واحد من فواسق الدواب ؟', 'الغراب', 19),
(553, 22, 'س14 يطلق على من يموت في البحر أو النهر ؟', 'غريق', 19),
(554, 22, 'س15 هي المرأة التي استغنت بمالها عن أية محسنات ؟', 'غانية', 19),
(555, 22, 'س16 اسم من أربعة حروف إذا حذفت منه حرف زال ؟', 'غزال', 19),
(556, 22, 'س17 هو ما به نماء الجسم و قوامه ؟', 'غذاء', 19),
(557, 22, 'س18 هو الليل إذا أقبلت ظلمته ؟', 'غطش', 19),
(558, 22, 'س19 لقب الصحابي الجليل حنظلة بن عامر رضي الله عنه ؟', 'غسيل الملائكة', 19),
(559, 22, 'س20 من أسماء يوم القيامة ورد في القرآن الكريم ؟', 'الغاشية', 19),
(560, 22, 'س21 هو بيت السيف ؟', 'غمد', 19),
(561, 22, 'س22 إفاضة الماء على البدن كله مع النية ؟', 'الغسل', 19),
(562, 22, 'س23 مجاوزة الأمر المحدود ؟', 'الغلو', 19),
(563, 22, 'س24 هو العقل الظالم و الجائر ؟', 'الغاشم', 19),
(564, 22, 'س25 من الطيور المائية الجميلة لونه أسود ؟', 'الغر نوق', 19),
(565, 22, 'س26 تلون السماء بعد غروب الشمس ؟', 'الغسق', 19),
(566, 22, 'س27 هو صوت الماء المتحرك في حلق الإنسان ؟', 'الغرغرة', 19),
(567, 22, 'س28 لفظ يقصد به الزمن الماضي شديد القدم ؟', 'الغابر', 19),
(568, 22, 'س29 هو السحاب الأبيض ؟', 'الغمام', 19),
(569, 22, 'س30 هو ما يكون سحيقا و عميقا ؟', 'غائر', 19),
(570, 22, 'س1 ما أكبر بحيرة نهرية في العالم ؟', 'فكتوريا', 20),
(571, 22, 'س2 ما أسرع الحيوانات البرية ؟', 'الفهد الهندي', 20),
(572, 22, 'س3 إلى ماذا يؤدي نقص الحديد في الجسم ؟', 'فقر الدم', 20),
(573, 22, 'س4 أعلى درجات الجنة ؟', 'الفردوس', 20),
(574, 22, 'س5 هو الفقر و قلة ذات اليد و الشح ؟', 'الفاقة', 20),
(575, 22, 'س6 سورة في القرآن غير الفاتحة تبدأ بالحمد لله ؟', 'فاطر', 20),
(576, 22, 'س7 أحد علماء الرياضيات الإغريق له نظريات لا زالت تدرس إلى اليوم ؟', 'فيثاغورس', 20),
(577, 22, 'س8 حيوان برمائي تلد صغارها تحت الماء ؟', 'فرس النهر', 20),
(578, 22, 'س9 مرض في باطن جسم الإنسان يصيب منطقة الصفاق يعالج في النهاية بعملية جراحية ؟', 'الفتاق', 20),
(579, 22, 'س10 أطول عظمة في جسم الإنسان ؟', 'الفخذ', 20),
(580, 22, 'س11 مادة استعملت كمرهم للجسم مشتقة من النفط ؟', 'فازلين', 20),
(581, 22, 'س12 من هم أكثر أهل الجنة ؟', 'الفقراء', 20),
(582, 22, 'س13 طريقة من طرق الموت أنباء الرسول صلى الله عليه و سلم بحدوثها بكثرة في آخر الزمان ؟', 'الفجأة', 20),
(583, 22, 'س14 لونه أسود ولا ينتفع به إلا إذا كان لونه أحمر ؟', 'الفحم', 20),
(584, 22, 'س15 هو علم الكلام و المنطق ؟', 'الفلسفة', 20),
(585, 22, 'س16 ما الشيء الذي إذا وضع في الثلاجة لا يبرد ؟', 'الفلفل', 20),
(586, 22, 'س17 هو شكل من أشكال المعالجة الطبية كانت تستعمل قديما يتم فيها سحب الدم من جسم الإنسان للشفاء من بعض الأمراض ؟', 'الفصد', 20),
(587, 22, 'س18 أول من ابتدع الاحتفال بالمولد النبوي ؟', 'الفاطميون', 20),
(588, 22, 'س19 حضارة اندثرت قبل آلاف السنين ؟', 'الفينيقية', 20),
(589, 22, 'س20 نوع من أنواع الورد ذو رائحة نفاذة ؟', 'الفل', 20),
(590, 22, 'س21 هو من الأحجار الكريمة بخلاف الفسيفساء ؟', 'الفيروز', 20),
(591, 22, 'س22 هو صوت الأفعى من فمها ؟', 'فحيح', 20),
(592, 22, 'س23 عيد من أعياد النصارى ؟', 'الفصح', 20),
(593, 22, 'س24 بروز جزء من الأمعاء من فتحة جدار البطن ؟', 'الفتق', 20),
(594, 22, 'س25 عاصمة النمسا ؟', 'فينا', 20),
(595, 22, 'س26 وحدة قياس كهربائية وهي وحدة القوة الدافعة الكهربائية ؟', 'فولت', 20),
(596, 22, 'س27 إحدى ولايات الولايات المتحدة الأمريكية ؟', 'فلوريدا', 20),
(597, 22, 'س28 مجموعة جرثومية دقيقة جدا لا ترى إلا بالمجهر تسبب أمراضا كثيرة للإنسان و الحيوان و النبات ؟', 'الفيروسات', 20),
(598, 22, 'س29 من الأنظمة الإملائية تستخدم في الكتابة ؟', 'الفاصلة', 20),
(599, 22, 'س30 لغة إيرانية من الفصيلة الهندية الإيرانية للغات الهندية الأوروبية ؟', 'الفارسية', 20),
(600, 22, 'س1 من هو أول ولد آدم ؟', 'قابيل', 21),
(601, 22, 'س2 ما هو أول ما خلق الله ؟', 'القلم', 21),
(602, 22, 'س3 من قائد معركة عين جالوت ؟', 'قطز', 21),
(603, 22, 'س4 ما وحدة الوزن التي يوزن بها الماس و الأحجار الكريمة و تساوي خمسة جرامات ؟', 'القيراط', 21),
(604, 22, 'س5 ماذا يسمى طعام الضيوف ؟', 'القرى', 21),
(605, 22, 'س6 ما أكبر مدينة في أفريقيا ؟', 'القاهرة', 21),
(606, 22, 'س7 هو الطوب الأحمر يستخدم في البناء ؟', 'القرميد', 21),
(607, 22, 'س8 هي الفراسة في تتبع الأثر و معرفة مسارات الركبان ؟', 'القيافة', 21),
(608, 22, 'س9 له خمسة أصابع بلا لحم و لا عظم ؟', 'القفاز', 21),
(609, 22, 'س10 المسمى الذي يطلق على غرفة القيادة في السفينة ؟', 'قمره', 21),
(610, 22, 'س11 ما أول منازل الآخرة ؟', 'القبر', 21),
(611, 22, 'س12 نوع من أنواع الطعام طلبه اليهود من موسى عليه السلام ؟', 'قثاء', 21),
(612, 22, 'س13 وجه بلا لسان و يدل على الزمان ؟', 'القمر', 21),
(613, 22, 'س14 جبل في مكة اشتهر في عهد قريش ؟', 'قبيس', 21),
(614, 22, 'س15 شيء كعبه للحيوان و رأسه للإنسان ؟', 'القمح', 21),
(615, 22, 'س16 ما هو الوصف الذي وصف به الرسول صلى الله عليه و سلم به النساء ؟', 'القوارير', 21),
(616, 22, 'س17 في أي مكان يكون فيه الخريف قبل الصيف و الخادم قبل السيد ؟', 'القاموس', 21),
(617, 22, 'س18 الاسم الذي يطلق على مولدة النساء ؟', 'قابلة', 21),
(618, 22, 'س19 هم قوم ينكرون القدر و يقولون أن كل إنسان خالق لفعله بإرادته ؟', 'القدرية', 21),
(619, 22, 'س20 فئة اشتهرت في القرون الوسطى الميلادية بغزو السفن البحرية و السطو عليها ؟', 'القراصنة', 21),
(620, 22, 'س21 ما أحدثه الصوفية على المساجد بجوار المآذن ؟', 'قباب', 21),
(621, 22, 'س22 هو من رهبان النصارى و أعيان كنيستهم ؟', 'قسيس', 21),
(622, 22, 'س23 من أنواع الطائرات الحربية تقوم بإسقاط القنابل و الصواريخ على مواقع العدو ؟', 'قاذفة', 21),
(623, 22, 'س24 بمعنى تتبع أثره و لحقه ؟', 'قصه', 21),
(624, 22, 'س25 من أصحاب القرآت السبع ؟', 'قالون', 21),
(625, 22, 'س26 من الحشرات تصيب فروة الرأس أو شعر الحيوانات ؟', 'القراد', 21),
(626, 22, 'س27 ما اسم ناقة النبي صلى الله عليه و سلم ؟', 'القصواء', 21),
(627, 22, 'س28 مسمى يطلق على أدوات الكتابة من ورق و أقلام و مساطر و نحوه ؟', 'قرطاسية', 21),
(628, 22, 'س29 معلم من معالم المسجد الأقصى ؟', 'قبة الصخرة', 21),
(629, 22, 'س30 أول مسجد في الإسلام ؟', 'قباء', 21),
(630, 22, 'س1 ما هو أكبر عضو في الجسم ؟', 'الكبد', 22),
(631, 22, 'س2 من داعية الشيوعية ؟', 'كارل ماركس', 22),
(632, 22, 'س3 وحدة من وحدات النقود الذهبية عند العرب و قد جاء ذكرها في سورة آل عمران فما اسمها ؟', 'كله', 22),
(633, 22, 'س4 ما السؤال الذي تختلف إجابته دائما ؟', 'كم الساعة', 22),
(634, 22, 'س5 ما أكبر مدينة في الهند من حيث السكان ؟', 'كلكتا', 22),
(635, 22, 'س6 ما اسم ابن نوح الذي غرق في الطوفان ؟', 'كنعان', 22),
(636, 22, 'س7 هو الأدب القديم أو أدب التراث ؟', 'كلاسيكي', 22),
(637, 22, 'س8 زيت طيار صلب في درجات الحرارة العادية أبيض شفاف متبلور ذو رائحة ؟', 'كافور', 22),
(638, 22, 'س9 ما هي عملة جمهورية التشيك ؟', 'كورون', 22),
(639, 22, 'س10 حيوان فيه منفعة مباحة للحاجة و لا يصح بيعه ؟', 'الكلب', 22),
(640, 22, 'س11 ما هو علم الجريمة و دوافعها ؟', 'الكرومونولوجي', 22),
(641, 22, 'س12 ما هو الذي خلقه الله تعالى و استعظمه ؟', 'كيد النساء', 22),
(642, 22, 'س13 ما هي مادة ملح الطعام الكيمائية ؟', 'كلوريد الصوديوم', 22),
(643, 22, 'س14 له أربع أرجل و لا يستطيع المشي إلا محمولا ؟', 'الكرسي', 22),
(644, 22, 'س15 هو مبنى البرلمان الروسي ؟', 'الكر ملين', 22),
(645, 22, 'س16 من المواد البترولية أقل كثافة من السولار  و قابل للاشتعال ؟', 'الكيروسين', 22),
(646, 22, 'س17 رابطة الشعوب المستقلة من الاستعمار البريطاني ؟', 'الكومن ولث', 22),
(647, 22, 'س18 تجويف طبيعي سطحي أو جوفي في صخرة أو جبل بعضها داخلي و بعضها سطحي ؟', 'الكهف', 22),
(648, 22, 'س19 المجلس التشريعي الذي تصدر منه القرارات في الولايات المتحدة الأمريكية ؟', 'الكونغرس', 22),
(649, 22, 'س20 ملك دعا عليه رسول الله صلى الله عليه و سلم عندما تلقى كتاب النبي و مزقه و قال : ( اللهم مزق ملكه ) ؟', 'كسرى', 22),
(650, 22, 'س21 وكالة الأنباء الكويتية ؟', 'كونا', 22),
(651, 22, 'س22 ما هو الاسم الكيميائي للطباشير المستخدمة في الكتابة ؟', 'كربونات الكالسيوم', 22),
(652, 22, 'س23 هو أصل القائد صلاح الدين الأيوبي ؟', 'كردي', 22),
(653, 22, 'س24 صفة أخرجت إبليس من الجنة ؟', 'الكبر', 22),
(654, 22, 'س25 أتاوى هي عاصمة لإحدى الدول المتقدة فما هي هذه الدولة ؟', 'كندا', 22),
(655, 22, 'س26 هي مقاطعة تتنازع عليها الهند وباكستان و قامت من أجلها الحروب ؟', 'كشمير', 22),
(656, 22, 'س27 هو لقب موسى علي السلام ؟', 'كليم الله', 22),
(657, 22, 'س28 طائر طويل الرجلين و المنقار أغبر له صوت حسن ؟', 'الكروان', 22),
(658, 22, 'س29 ما أهم نهر في أفغانستان ؟', 'كابل', 22),
(659, 22, 'س30 يطلق على السنة الميلادية التي يكون فيها شهر فبراير 29 يوما و هي تأتي كل أربع سنوات ؟', 'كبيسة', 22),
(660, 22, 'س1 ما أكبر مدينة في أوروبا ؟', 'لندن', 23),
(661, 22, 'س2 يكون في الصبح واحد و في الليل ثلاثة فما هو ؟', 'لجين', 23),
(662, 22, 'س4 هو الطفل الصغير الذي يوجد في الطريق و لا يعرف نسبه ؟', 'اللقيط', 23),
(663, 22, 'س5 ما هو أخف المعادن ؟', 'الليثيوم', 23),
(664, 22, 'س6 أين يقع نهر الكلب ؟', 'لبنان', 23),
(665, 22, 'س7 من المكونات الداخلية لجهاز الكمبيوتر الشخصي ؟', 'اللوحة الأم', 23),
(666, 22, 'س8 جسم مستطيل متحرك خطره عظيم إذا استخدم في الشر و بسببه يكب الناس في النار ؟', 'اللسان', 23),
(667, 22, 'س9 هو علم يختص بدراسة اللغات و أصلها و تفرعها و علاقتها ببعضها البعض ؟', 'اللسانيات', 23),
(668, 22, 'س10 هو الغلاف الخارجي الصلب لساق الشجرة و جذورها و أغصانها ؟', 'لحاء', 23),
(669, 22, 'س11 مرض سرطان الدم ؟', 'اللوكيميا', 23),
(670, 22, 'س12 من هو اليهودي الذي سحر النبي ؟', 'لبيد بن الأعصم', 23),
(671, 22, 'س13 من أوصاف بقرة بني إسرائيل كما وردت في القرآن الكريم ؟', 'لا شية فيها', 23),
(672, 22, 'س14 هو سيد الطعام ؟', 'اللحم', 23),
(673, 22, 'س15 هي المتفرعة من اللغة الأم تتداولها الشعوب في إقليم محدود ؟', 'اللهجة', 23),
(674, 22, 'س16 كلمة مناداة تعبر عن الخضوع ؟', 'لبيك', 23),
(675, 22, 'س17 هو صمغ يفرز من بعض النباتات يعلك ؟', 'لبان', 23),
(676, 22, 'س18 هو ما يتكون من جماعة من الناس يجتمعون لتحقيق هدف سوية ؟', 'لجنة', 23),
(677, 22, 'س19 هو علبة تجعل فيها مادة متفجرة كالبارود أو الديناميت تستعمل في الحروب ؟', 'لغم', 23),
(678, 22, 'س20 كتاب كتب فيه ما كان و ما سيكون إلى يوم القيامة ؟', 'اللوح المحفوظ', 23),
(679, 22, 'س21 من هو النبي الذي آمن بنبي ؟', 'لوط', 23),
(680, 22, 'س22 هو العالم باللغة المتفقه فيها ؟', 'لغوي', 23),
(681, 22, 'س23 إحدى مدن الولايات المتحدة الأمريكية ؟', 'لوس أنجلوس', 23),
(682, 22, 'س24 هو الخصم الشديد الخصومة ؟', 'اللدود', 23),
(683, 22, 'س25 هو غبار لطلع ينتشر في الهواء ؟', 'اللقاح', 23),
(684, 22, 'س26 أحد أكبر المعاجم العربية ألفه ابن منظور ؟', 'لسان العرب', 23),
(685, 22, 'س27 هو الإشارة بالعين و نحوها للمخاطبة و الاستهزاء ؟', 'اللمز', 23),
(686, 22, 'س28 أطول كلمة في القرآن ؟', 'ليستخلفنهم', 23),
(687, 22, 'س29 هي الأصوات المبهمة المتعالية التي لا تفهم ؟', 'لغط', 23),
(688, 22, 'س30 يستخرج من البحر و يباع بأغلى الأثمان ؟', 'اللؤلؤ', 23),
(689, 22, 'س1 هي أمر خارق للعادة يجريه الله على أيدي أنبياء ؟', 'المعجزة', 24),
(690, 22, 'س2 من أعلم هذه الأمة بالحلال و الحرام ؟', 'معاذ بن جبل', 24),
(691, 22, 'س3 ما سورة الدين ؟', 'الماعون', 24),
(692, 22, 'س4 ما اسم كل شيء يشغل حيزا من الكون و له ثقل ؟', 'المادة', 24),
(693, 22, 'س5 من مؤسس الدولة الأموية ؟', 'معاوية بن أبي سفيان', 24),
(694, 22, 'س6 من فاتح السند ؟', 'محمد بن القاسم', 24);
INSERT INTO `questions` (`question_id`, `type_id`, `question`, `answer`, `letter_id`) VALUES
(695, 22, 'س7 أين تقع رابطة العالم الإسلامي ؟', 'مكة المكرمة', 24),
(696, 22, 'س8 ما هو الخط الذي يصل بين القطب الشمالي و القطب الجنوبي للأرض ؟', 'محور الأرض القطبي', 24),
(697, 22, 'س9 أين ظهرت الدولة الطولونية و الإخشيدية ؟', 'مصر', 24),
(698, 22, 'س10 هي إحدى لغات الكتابة في عهد ما قبل الميلاد ؟', 'المسمارية', 24),
(699, 22, 'س11 من هم الزبانية ؟', 'ملائكة العذاب', 24),
(700, 22, 'س12 الساعة الشمسية التي استخدمها العرب قديما لقياس الوقت ؟', 'مزولة', 24),
(701, 22, 'س13 يدخل في تركيب جميع أعضاء جسم الإنسان ؟', 'الماء', 24),
(702, 22, 'س14 حيوان بري منقرض يعتبر حجمه هائل جدا ذو قرون طويلة و هو من أجداد الفيل ؟', 'ماموث', 24),
(703, 22, 'س15 ما هو الذي لا ينتفع به إلا إذا أشعلنا في عينيه ؟', 'الموقد', 24),
(704, 22, 'س16 مادة مخدرة تستخدم في العمليات الجراحية ؟', 'مورفين', 24),
(705, 22, 'س17 ما هو الشيء الذي يحتكم إليه كل أحد و ليس من الأحياء ؟', 'الميزان', 24),
(706, 22, 'س18 غشاء الجنين الذي يخرج معه عند الولادة ؟', 'المشيمة', 24),
(707, 22, 'س19 يطلبه الناس و يحتاجونه و يهربون منه إذا حضر ؟', 'المطر', 24),
(708, 22, 'س20 القطار الكهربائي تحت الأرض ؟', 'المترو', 24),
(709, 22, 'س21 ما الشيء الذي خرج من الماء و إذا أتى عليه الماء هلك ؟', 'الملح', 24),
(710, 22, 'س22 آلة حربية استعملها الرومان لقذف الحجارة أو الذهب عن بعد ؟', 'المنجنيق', 24),
(711, 22, 'س23 ما الشيء الذي لا ينتفع به إلا إذا وضعت إصبعك في عينيه ؟', 'المقص', 24),
(712, 22, 'س24 آلة تستعمل لإعدام إنسان بفصل رقبته عن جسده استعملت في الثورة الفرنسية لإعدام النبلاء ؟', 'مقصلة', 24),
(713, 22, 'س25 أقصر آية في القرآن ؟', 'مد هامتان', 24),
(714, 22, 'س26 الأغشية التي تغلف الأمعاء و تربطها بالجدار البطني ؟', 'المساريقا', 24),
(715, 22, 'س27 ماذا تسمى الميتة بالضرب ؟', 'الموقوذة', 24),
(716, 22, 'س28 سباق العدو الطويل الذي مسافته 26 ميل 385 ياردة ؟', 'ماراثون', 24),
(717, 22, 'س29 أشد الناس عذابا يوم القيامة ؟', 'المصورون', 24),
(718, 22, 'س30 هو وصف يطلق على الرجل المحارب الذي عبأ نفسه بالأسلحة و الذخيرة ؟', 'مدجج', 24),
(719, 22, 'س1 ما هي أول فتنة بني إسرائيل ؟', 'الناقة', 25),
(720, 22, 'س2 ماذا يسمى طعام القادم من سفره ؟', 'النقيعة', 25),
(721, 22, 'س3 من المقصود بهذه الآية : ( فبهت الذي كفر ) ؟', 'النمرود', 25),
(722, 22, 'س4 ما معنى اسم جعفر ؟', 'النهر الصغير', 25),
(723, 22, 'س5 ما هي الحشرة التي تكلمت في القرآن و تبسم نبي الله سليمان عليه السلام من قولها ؟', 'النملة', 25),
(724, 22, 'س6 هي عروق الفؤاد و القلب ؟', 'نياط', 25),
(725, 22, 'س7 ما اسم الدابة التي أرسلت إلى ثمود ؟', 'ناقة الله', 25),
(726, 22, 'س8 نقط بيض أو سود و بقع تقع في الجلد وتخالف لونه ؟', 'نمش', 25),
(727, 22, 'س9 ما هي الحطمة ؟', 'النار', 25),
(728, 22, 'س10 من الإبل طويلة العنق و هو اسم مؤنث ؟', 'نجود', 25),
(729, 22, 'س11 ما هي أكبر دولة إسلامية في أفريقيا ؟', 'نيجيريا', 25),
(730, 22, 'س12 الاسم المعرب لجهاز الفاكس ؟', 'ناسوخ', 25),
(731, 22, 'س13 ما هو لقب صلاح الدين الأيوبي ؟', 'الناصر', 25),
(732, 22, 'س14 الرئيس الأمريكي الذي استقال من منصبه بسبب فضيحة سميت بفضيحة ( واترغيت ) في السبعينيات ؟', 'نيكسون', 25),
(733, 22, 'س15 ماذا يسمى صوت الدجاجة ؟', 'نقنقة', 25),
(734, 22, 'س16 مسمى الحركة التي تزعمها الألمان في الحرب العالمية الثانية ؟', 'النازية', 25),
(735, 22, 'س17 ما هي الحشرة التي لها خمسة عيون ؟', 'النحلة', 25),
(736, 22, 'س18 هو الصور الذي سينفخ فيه إسرافيل ؟', 'الناقور', 25),
(737, 22, 'س19 خلقت من غير أم و لا أب ؟', 'ناقة صالح', 25),
(738, 22, 'س20 من مكونات مادة السيجارة ؟', 'نيكوتين', 25),
(739, 22, 'س21 هو عصيان المرأة و ترفعها على زوجها ؟', 'نشوز', 25),
(740, 22, 'س22 ما هي عاصمة كينيا ؟', 'نيروبي', 25),
(741, 22, 'س23 هو حفرة تحت الأرض له مدخل و مخرج ممهدة ليسير بها الإنسان و الحيوان و السيارات و غيرها ؟', 'النفق', 25),
(742, 22, 'س24 إحدى الدول الاسكندنافية ؟', 'النرويج', 25),
(743, 22, 'س25 هو المثل و النظير ؟', 'الند', 25),
(744, 22, 'س26 بمعنى برك الجمل و قعد ؟', 'ناخ', 25),
(745, 22, 'س27 حالة طبيعية تتعطل معها القوى بسبب ترقي البخارات إلى الدماغ ؟', 'النوم', 25),
(746, 22, 'س28 من المعادن ذات الوسط الموصل للكهرباء ؟', 'النحس', 25),
(747, 22, 'س29 هم الذين عرفوا قديما بكثرة الزهد و الابتعاد عن الدنيا و الانهماك بالعبادة ؟', 'النساك', 25),
(748, 22, 'س30 أداة استعملها النصارى قديما للإعلان عن صلاتهم ؟', 'الناقوس', 25);

-- --------------------------------------------------------

--
-- Table structure for table `types`
--

CREATE TABLE `types` (
  `type_id` int(11) NOT NULL,
  `type` varchar(50) CHARACTER SET utf8mb4 COLLATE utf8mb4_general_ci DEFAULT NULL
) ENGINE=InnoDB DEFAULT CHARSET=latin1 COLLATE=latin1_swedish_ci;

--
-- Dumping data for table `types`
--

INSERT INTO `types` (`type_id`, `type`) VALUES
(16, 'رياضة'),
(17, 'إسلامي'),
(18, 'الشعر'),
(19, 'شخصيات'),
(20, 'منوع'),
(21, 'جغرافيا'),
(22, 'Scraped');

--
-- Indexes for dumped tables
--

--
-- Indexes for table `alphabet`
--
ALTER TABLE `alphabet`
  ADD PRIMARY KEY (`id`);

--
-- Indexes for table `questions`
--
ALTER TABLE `questions`
  ADD PRIMARY KEY (`question_id`),
  ADD KEY `fk_type_id` (`type_id`),
  ADD KEY `fk_alphabet_id` (`letter_id`);

--
-- Indexes for table `types`
--
ALTER TABLE `types`
  ADD PRIMARY KEY (`type_id`);

--
-- AUTO_INCREMENT for dumped tables
--

--
-- AUTO_INCREMENT for table `alphabet`
--
ALTER TABLE `alphabet`
  MODIFY `id` int(11) NOT NULL AUTO_INCREMENT, AUTO_INCREMENT=57;

--
-- AUTO_INCREMENT for table `questions`
--
ALTER TABLE `questions`
  MODIFY `question_id` int(11) NOT NULL AUTO_INCREMENT, AUTO_INCREMENT=749;

--
-- AUTO_INCREMENT for table `types`
--
ALTER TABLE `types`
  MODIFY `type_id` int(11) NOT NULL AUTO_INCREMENT, AUTO_INCREMENT=23;

--
-- Constraints for dumped tables
--

--
-- Constraints for table `questions`
--
ALTER TABLE `questions`
  ADD CONSTRAINT `fk_alphabet_id` FOREIGN KEY (`letter_id`) REFERENCES `alphabet` (`id`),
  ADD CONSTRAINT `fk_type_id` FOREIGN KEY (`type_id`) REFERENCES `types` (`type_id`);
COMMIT;

/*!40101 SET CHARACTER_SET_CLIENT=@OLD_CHARACTER_SET_CLIENT */;
/*!40101 SET CHARACTER_SET_RESULTS=@OLD_CHARACTER_SET_RESULTS */;
/*!40101 SET COLLATION_CONNECTION=@OLD_COLLATION_CONNECTION */;
